{"chunk_definitions":[{"chunk_id":"cxafbxsjx2c39","chunk_label":"unnamed-chunk-1","document_id":"A498D45D","expansion_state":0,"options":{"echo":false,"engine":"r","label":"unnamed-chunk-6","warning":false},"row":20,"row_count":1,"visible":true},{"chunk_id":"cnm2xgi63qzcm","chunk_label":"unnamed-chunk-2","document_id":"A498D45D","expansion_state":0,"options":{"engine":"r","label":"unnamed-chunk-7"},"row":34,"row_count":1,"visible":true},{"chunk_id":"ctdulrque25g4","chunk_label":"unnamed-chunk-3","document_id":"A498D45D","expansion_state":0,"options":{"engine":"r","label":"unnamed-chunk-8"},"row":43,"row_count":1,"visible":true},{"chunk_id":"c98k8i8pynd4j","chunk_label":"unnamed-chunk-4","document_id":"A498D45D","expansion_state":0,"options":{},"row":60,"row_count":1,"visible":true},{"chunk_id":"conbdaf7txn34","chunk_label":"unnamed-chunk-5","document_id":"A498D45D","expansion_state":0,"options":{},"row":70,"row_count":1,"visible":true},{"chunk_id":"c5y5bq30g4bm6","chunk_label":"unnamed-chunk-6","document_id":"A498D45D","expansion_state":0,"options":{},"row":78,"row_count":1,"visible":true},{"chunk_id":"cqa2fds7bl9kx","chunk_label":"unnamed-chunk-7","document_id":"A498D45D","expansion_state":0,"options":{},"row":89,"row_count":1,"visible":true},{"chunk_id":"cxjx36hv2y7bi","chunk_label":"unnamed-chunk-8","document_id":"A498D45D","expansion_state":0,"options":{},"row":94,"row_count":1,"visible":true}],"chunk_rendered_width":700,"doc_write_time":1534731920}