{"chunk_definitions":[{"chunk_id":"crzxxqy621pdn","chunk_label":"unnamed-chunk-1","document_id":"4AA4F880","expansion_state":0,"options":{"engine":"r","label":"unnamed-chunk-1"},"row":13,"row_count":1,"visible":true},{"chunk_id":"c1de4tnp2rn7x","chunk_label":"unnamed-chunk-2","document_id":"4AA4F880","expansion_state":0,"options":{"engine":"r","label":"unnamed-chunk-2"},"row":17,"row_count":1,"visible":true},{"chunk_id":"cxvihsxw9wqsk","chunk_label":"unnamed-chunk-3","document_id":"4AA4F880","expansion_state":0,"options":{"engine":"r","label":"unnamed-chunk-3"},"row":21,"row_count":1,"visible":true},{"chunk_id":"cmxul2js7hmnu","chunk_label":"unnamed-chunk-4","document_id":"4AA4F880","expansion_state":0,"options":{"engine":"r","label":"unnamed-chunk-4"},"row":28,"row_count":1,"visible":true},{"chunk_id":"c57ecckcfed3e","chunk_label":"unnamed-chunk-5","document_id":"4AA4F880","expansion_state":0,"options":{"engine":"r","label":"unnamed-chunk-5"},"row":34,"row_count":1,"visible":true},{"chunk_id":"cbodwjkbbu0w9","chunk_label":"unnamed-chunk-6","document_id":"4AA4F880","expansion_state":0,"options":{"engine":"r","label":"unnamed-chunk-6"},"row":41,"row_count":1,"visible":true},{"chunk_id":"c9h7q0yaw0ays","chunk_label":"unnamed-chunk-7","document_id":"4AA4F880","expansion_state":0,"options":{"engine":"r","label":"unnamed-chunk-9"},"row":51,"row_count":1,"visible":true},{"chunk_id":"cnlisjcimrwud","chunk_label":"unnamed-chunk-8","document_id":"4AA4F880","expansion_state":0,"options":{"engine":"r","label":"unnamed-chunk-11"},"row":57,"row_count":1,"visible":true},{"chunk_id":"ceab7t5ht2k9k","chunk_label":"unnamed-chunk-9","document_id":"4AA4F880","expansion_state":0,"options":{"engine":"r","label":"unnamed-chunk-15"},"row":65,"row_count":1,"visible":true},{"chunk_id":"c9tlnglbb0wif","chunk_label":"unnamed-chunk-10","document_id":"4AA4F880","expansion_state":0,"options":{"engine":"r","label":"unnamed-chunk-38"},"row":83,"row_count":1,"visible":true},{"chunk_id":"c22dl01arnmfk","chunk_label":"unnamed-chunk-11","document_id":"4AA4F880","expansion_state":0,"options":{"engine":"r","label":"unnamed-chunk-39"},"row":87,"row_count":1,"visible":true}],"doc_write_time":1534372982}