Via,Longitud en kilometros,Vigente desde,Motos,Autos,Autobuses 2 ejes,Autobuses 3 ejes,Autobuses 4 ejes,Camiones 2 ejes,Camiones 3 ejes,Camiones 4 ejes,Camiones 5 ejes,Camiones 6 ejes,Camiones 7 ejes,Camiones 8 ejes,Camiones 9 ejes
Acatzingo - Cd. Mendoza,92.95,29/08/2012,55,110,225,225,225,225,225,410,410,600,600,600,600
Acatzingo - Cd. Mendoza,92.95,29/08/2012,55,110,225,225,225,225,225,410,410,600,600,600,600
Acatzingo - Esperanza,47.375,29/08/2012,27,55,115,115,115,115,115,205,205,300,300,300,300
Esperanza - Cd. Mendoza,45.575,29/08/2012,27,55,115,115,115,115,115,205,205,300,300,300,300
Amozoc - Perote y Libramiento de Perote,135,01/01/2014,106,213,317,324,332,317,324,332,415,415,585,585,585
Amozoc - Perote,117,01/01/2014,89,179,276,282,288,276,282,288,357,357,509,509,509
Amozoc - Ent. Ixtenco,25.7,01/01/2014,20,40,58,60,61,58,60,61,78,78,108,108,108
Ent. Ixtenco - Ent. Oriental,35.8,01/01/2014,27,54,88,90,93,88,90,93,110,110,161,161,161
Ent. Ixtenco - Ent. Cuapiaxtla,14,01/01/2014,11,22,28,29,31,28,29,31,34,34,54,54,54
Ent. Cuapiaxtla - Ent. Oriental,21.8,01/01/2014,16,32,60,61,62,60,61,62,76,76,107,107,107
Ent. Oriental - Ent. Perote II,55.5,01/01/2014,42,85,130,132,134,130,132,134,169,169,240,240,240
Ent. Oriental - Ent. Cantona,18.8,01/01/2014,14,28,45,45,45,45,45,45,63,63,86,86,86
Ent. Cantona - Ent. Perote II,36.7,01/01/2014,28,57,85,87,89,85,87,89,106,106,154,154,154
Libramiento de Perote,18,01/01/2014,17,34,41,42,44,41,42,44,58,58,76,76,76
Armería - Manzanillo,47,01/02/2014,61,122,239,295,361,239,295,361,406,492,556,614,641
Arriaga - Ocozocuautla,93,14/01/2014,62,126,234,234,234,201,201,201,326,326,458,458,458
Arriaga - Tierra y Libertad,20,14/01/2014,14,29,53,53,53,43,43,43,72,72,100,100,100
Tierra y Libertad - Jiquipilas,41.598,14/01/2014,26,53,99,99,99,89,89,89,144,144,203,203,203
Jiquipilas - Montes Azules,9.101,14/01/2014,6,12,27,27,27,21,21,21,33,33,46,46,46
Montes Azules - Ocozocoautla,22.301,14/01/2014,16,32,55,55,55,48,48,48,77,77,109,109,109
Atlacomulco - Maravatío,64.35,31/01/2014,40,82,170,170,170,170,170,170,264,264,334,334,334
Atlacomulco - Venta de Bravo,32.175,31/01/2014,20,41,85,85,85,85,85,85,132,132,167,167,167
Venta de Bravo - Maravatío,32.175,31/01/2014,20,41,85,85,85,85,85,85,132,132,167,167,167
Ávila Camacho - Tihuatlán,47.9,25/01/2014,64,128,229,229,229,343,343,343,629,629,686,686,686
Cadereyta - Reynosa,132.015,29/08/2012,105,210,260,260,260,260,260,260,385,385,430,430,430
Cadereyta - La Sierrita,132.015,29/08/2012,105,210,260,260,260,260,260,260,385,385,430,430,430
Cadereyta - General Bravo,85.015,29/08/2012,57,115,145,145,145,145,145,145,205,205,240,240,240
Cadereyta - Los Ramones,35.275,29/08/2012,27,55,70,70,70,70,70,70,85,85,110,110,110
Los Ramones - General Bravo,49.74,29/08/2012,30,60,75,75,75,75,75,75,120,120,130,130,130
Los Ramones - Los Herreras,28.54,29/08/2012,17,35,45,45,45,45,45,45,70,70,80,80,80
Cadereyta - Los Herreras,63.815,29/08/2012,42,85,110,110,110,110,110,110,155,155,185,185,185
Los Herreras - General Bravo,21.2,29/08/2012,15,30,35,35,35,35,35,35,50,50,55,55,55
Los Ramones - La Sierrita,96.74,29/08/2012,77,155,195,195,195,195,195,195,300,300,320,320,320
Los Herreras - La Sierrita,68.2,29/08/2012,60,120,150,150,150,150,150,150,230,230,245,245,245
General Bravo - La Sierrita,47,29/08/2012,47,95,120,120,120,120,120,120,180,180,190,190,190
Camargo - Delicias,65,01/01/2014,57,114,164,246,306,164,242,306,402,486,494,566,690
Camargo - Conchos,35,01/01/2014,28,57,82,123,153,82,121,153,201,243,247,283,345
Conchos - Delicias,30,01/01/2014,28,57,82,123,153,82,121,153,201,243,247,283,345
Cardel - Veracruz,29.88,27/01/2014,25,50,76,76,76,76,76,76,186,186,272,272,272
Cardel - Veracruz,29.88,27/01/2014,25,50,76,76,76,76,76,76,186,186,272,272,272
San Julián - Veracruz,7.91,27/01/2014,8,16,37,37,37,37,37,37,72,72,87,87,87
Cd. Cuauhtemoc - Osiris,42.31,29/08/2012,17,35,50,50,50,50,50,70,70,90,90,90,90
Cd. Mendoza - Córdoba,30.675,29/08/2012,12,24,60,60,60,60,60,100,100,135,135,135,135
Cd. Mendoza - Córdoba,30.675,29/08/2012,12,24,60,60,60,60,60,100,100,135,135,135,135
Cd. Mendoza - Fortín,23.175,29/08/2012,5,10,32,32,32,31,31,61,61,90,90,90,90
Chamapa - Lechería,27.346,29/08/2012,20,40,70,70,70,70,70,70,100,100,130,130,130
Chamapa - Ent. San Miguel,23.22,29/08/2012,17,35,60,60,60,60,60,60,85,85,110,110,110
Cipreses - Ent. San Miguel,19.533,29/08/2012,15,30,50,50,50,50,50,50,70,70,95,95,95
San Mateo Nopala - Ent. San Miguel,17.226,29/08/2012,15,30,50,50,50,50,50,50,70,70,95,95,95
Madín - Ent. San Miguel,9.626,29/08/2012,7,15,25,25,25,25,25,25,35,35,50,50,50
Atizapán - San Miguel,5.424,29/08/2012,5,10,15,15,15,15,15,15,25,25,35,35,35
Lago de Guadalupe - Ent. San Miguel,0.869,29/08/2012,1,2,4,4,4,4,4,4,6,6,8,8,8
Lomas Verdes - Ent. San Miguel,16.897,29/08/2012,15,30,50,50,50,50,50,50,70,70,95,95,95
Chamapa - Lechería,27.346,29/08/2012,20,40,70,70,70,70,70,70,100,100,130,130,130
Chamapa - Madín,13.639,29/08/2012,10,20,30,30,30,30,30,30,45,45,65,65,65
Chamapa - Lago de Guadalupe,22.396,29/08/2012,17,35,60,60,60,60,60,60,85,85,110,110,110
Chamapa - Atizapán,17.841,29/08/2012,15,30,50,50,50,50,50,50,70,70,95,95,95
Chamapa - San Mateo Nopala,6.039,29/08/2012,5,10,15,15,15,15,15,15,25,25,35,35,35
Chamapa - Cipreses,3.003,29/08/2012,2,5,10,10,10,10,10,10,15,15,20,20,20
Cipreses - Lechería,24.343,29/08/2012,17,35,60,60,60,60,60,60,90,90,115,115,115
Cipreses - Lago de Guadalupe,19.394,29/08/2012,15,30,50,50,50,50,50,50,70,70,95,95,95
Cipreses - Atizapán,14.839,29/08/2012,12,25,35,35,35,35,35,35,50,50,70,70,70
Cipreses - Madín,10.637,29/08/2012,7,15,25,25,25,25,25,25,35,35,50,50,50
Cipreses - San Mateo Nopala,3.037,29/08/2012,2,5,10,10,10,10,10,10,15,15,20,20,20
San Mateo Nopala - Lechería,21.306,29/08/2012,17,35,60,60,60,60,60,60,85,85,110,110,110
San Mateo Nopala - Lago de Guadalupe,16.357,29/08/2012,12,25,40,40,40,40,40,40,60,60,80,80,80
San Mateo Nopala - Atizapán,11.802,29/08/2012,10,20,30,30,30,30,30,30,40,40,60,60,60
San Mateo Nopala - Madín,7.6,29/08/2012,7,15,20,20,20,20,20,20,25,25,35,35,35
Madín - Lechería,13.706,29/08/2012,10,20,35,35,35,35,35,35,50,50,65,65,65
Madín - Atizapán,4.202,29/08/2012,2,5,10,10,10,10,10,10,15,15,20,20,20
Madín - Lago de Guadalupe,8.757,29/08/2012,7,15,25,25,25,25,25,25,35,35,45,45,45
Atizapán - Lechería,9.504,29/08/2012,7,15,25,25,25,25,25,25,35,35,50,50,50
Atizapán - Lago de Guadalupe,4.555,29/08/2012,2,5,15,15,15,15,15,15,20,20,25,25,25
Lago de Guadalupe - Lechería,4.949,29/08/2012,2,5,10,10,10,10,10,10,20,20,25,25,25
Lomas Verdes - Lecheria,20.977,29/08/2012,17,35,60,60,60,60,60,60,85,85,110,110,110
Lomas Verdes - Lago de Guadalupe,16.028,29/08/2012,12,25,40,40,40,40,40,40,60,60,80,80,80
Lomas Verdes - Atizapán,11.473,29/08/2012,10,20,30,30,30,30,30,30,45,45,60,60,60
Lomas Verdes - Madín,7.271,29/08/2012,5,10,20,20,20,20,20,20,30,30,40,40,40
Lomas Verdes - San Mateo Nopala,8.283,29/08/2012,7,15,25,25,25,25,25,25,35,35,45,45,45
Lomas Verdes - Cipreses,11.32,29/08/2012,10,20,30,30,30,30,30,30,45,45,60,60,60
Lomas Verdes - Chamapa,14.322,29/08/2012,12,25,40,40,40,40,40,40,60,60,80,80,80
Champotón - Campeche,39.5,29/08/2012,30,60,90,90,90,90,90,90,155,155,195,195,195
Villa Madero - Campeche,39.5,29/08/2012,30,60,90,90,90,90,90,90,155,155,195,195,195
Villa Madero - Seybaplaya,15,29/08/2012,12,25,30,30,30,30,30,30,55,55,65,65,65
Seybaplaya - Campeche,24.5,29/08/2012,17,35,60,60,60,60,60,60,100,100,130,130,130
Chapalilla - Compostela,35.5,29/08/2012,17,35,70,70,70,70,70,135,135,185,185,185,185
Córdoba - Veracruz,98,29/08/2012,82,165,240,240,240,235,235,235,315,315,350,350,350
Córdoba - La Tinaja,45,29/08/2012,42,85,115,115,115,110,110,110,155,155,165,165,165
Córdoba - Cuitláhuac,14.14,29/08/2012,15,30,35,35,35,35,35,35,50,50,55,55,55
Cuitláhuac - La Tinaja,30.86,29/08/2012,27,55,80,80,80,75,75,75,105,105,110,110,110
La Tinaja - Veracruz,53,29/08/2012,40,80,125,125,125,125,125,125,160,160,185,185,185
La Tinaja - Paso del Toro,44.9,29/08/2012,32,65,100,100,100,100,100,100,135,135,155,155,155
Paso del Toro - Veracruz,8.1,29/08/2012,7,15,25,25,25,25,25,25,30,30,35,35,35
Cuacnopalan - Oaxaca,243,29/08/2012,94,190,385,385,385,385,385,470,470,745,745,745,745
Cuacnopalan - Tehuacán,41.048,29/08/2012,17,35,75,75,75,75,75,95,95,155,155,155,155
Tehuacán - Miahuatlán,30.367,29/08/2012,12,25,40,40,40,40,40,55,55,85,85,85,85
Miahuatlán - Nochixtlán,107.085,29/08/2012,30,60,120,120,120,120,120,145,145,215,215,215,215
Miahuatlán - Coixtlahuaca,69.885,29/08/2012,15,30,60,60,60,60,60,70,70,120,120,120,120
Nochixtlán-Oaxaca,64.5,29/08/2012,35,70,150,150,150,150,150,175,175,290,290,290,290
Nochixtlán - Huitzo,38.51,29/08/2012,27,55,115,115,115,115,115,145,145,215,215,215,215
Huitzo - Oaxaca,25.99,29/08/2012,12,25,35,35,35,35,35,50,50,85,85,85,85
Cuernavaca - Acapulco,262.58,09/12/2013,101,201,325,325,325,325,325,325,424,424,476,476,476
Cuernavaca - Puente de Ixtla,28.939,09/12/2013,15,30,50,50,50,50,50,50,63,63,70,70,70
Cuernavaca - Alpuyeca,20,29/08/2012,20,40,70,70,70,70,70,70,85,85,100,100,100
Cuernavaca - Central de Abastos,7,29/08/2012,3,7,10,10,10,10,10,10,15,15,20,20,20
Cuernavaca - Aeropuerto,9.8,29/08/2012,5,10,20,20,20,20,20,20,25,25,30,30,30
Cuernavaca - Xochitepec,13.072,29/08/2012,10,20,25,25,25,25,25,25,30,30,35,35,35
Xochitepec - Alpuyeca,6.928,29/08/2012,3,7,12,12,12,11,11,11,15,15,20,20,20
Alpuyeca - Puente de Ixtla,8.939,29/08/2012,10,20,25,25,25,25,25,25,30,30,35,35,35
Puente de Ixtla - Chilpancingo,143.021,09/12/2013,32,63,130,130,130,130,130,130,168,168,188,188,188
Puente de Ixtla - Paso Morelos,54.061,29/08/2012,25,50,105,105,105,105,105,105,135,135,140,140,140
Paso Morelos - Chilpancingo,88.96,29/08/2012,37,75,155,155,155,155,155,155,205,205,235,235,235
Chilpancingo - Tierra Colorada,34.713,09/12/2013,29,58,75,75,75,75,75,75,98,98,110,110,110
Tierra Colorada - Acapulco,55.907,09/12/2013,25,50,70,70,70,70,70,70,95,95,108,108,108
Durango - Mazatlán,230.1,28/10/2013,252,506,"1,000.00","1,000.00","1,000.00","1,000.00","1,000.00","1,470.00","1,470.00","2,014.00","2,014.00","2,014.00","2,014.00"
Libramiento de Durango - Entronque Otinapa,44.9,28/10/2013,29,58,115,115,115,115,115,168,168,231,231,231,231
Entronque Otinapa - Piloncillo,59.1,28/10/2013,38,77,152,152,152,152,152,224,224,306,306,306,306
Piloncillo - Santa Lucía,67.8,28/10/2013,121,243,480,480,480,480,480,706,706,968,968,968,968
Santa Lucía - Villa Unión,58.3,28/10/2013,64,128,253,253,253,253,253,372,372,509,509,509,509
Santa Lucía - Concordia,33.3,28/10/2013,48,96,190,190,190,190,190,276,276,371,371,371,371
Concordia - Villa Unión,25,28/10/2013,16,32,63,63,63,63,63,96,96,138,138,138,138
Durango - Yerbanís,105.2,01/01/2014,101,202,346,346,346,450,450,450,660,660,879,879,879
Durango - Guadalupe Victoria,49,01/01/2014,47,94,161,161,161,209,209,209,307,307,409,409,409
Guadalupe Victoria - Yerbanís,56.2,01/01/2014,54,108,185,185,185,241,241,241,353,353,470,470,470
Ecatepec - Pirámides,22.21,13/12/2013,29,59,113,165,223,113,165,223,277,336,389,445,500
Ecatepec - Pirámides,22.21,13/12/2013,29,59,113,165,223,113,165,223,277,336,389,445,500
San Cristóbal Ecatepec - Tepexpan,9.73,13/12/2013,11,23,40,62,80,40,62,80,102,121,141,161,183
Tepexpan - San Martín de las Pirámides,12.48,13/12/2013,11,23,40,62,80,40,62,80,102,121,141,161,183
El Centinela - La Rumorosa,47.297,01/01/2014,11,21,100,100,100,100,100,124,148,155,164,174,183
El Sueco - Villa Ahumada,86.7,01/01/2014,75,150,238,312,460,238,335,460,593,668,739,836,899
Ensenada - Tijuana,89.54,01/01/2014,45,93,189,189,189,189,189,234,234,267,267,267,267
La Misión - Corredor 2000,25.327,01/01/2014,13,26,52,52,52,52,52,63,63,73,73,73,73
Ensenada - La Misión,33.766,01/01/2014,15,31,63,63,63,63,63,78,78,89,89,89,89
La Misión - Rosarito,29.847,01/01/2014,15,31,63,63,63,63,63,78,78,89,89,89,89
Rosarito - Tijuana,25.927,01/01/2014,15,31,63,63,63,63,63,78,78,89,89,89,89
Ent. Agua Dulce - Cárdenas,53.3,29/08/2012,30,60,115,115,115,115,115,115,160,160,200,200,200
Ent. Agua Dulce - Cárdenas,53.3,29/08/2012,30,60,115,115,115,115,115,115,160,160,200,200,200
Ent. Agua Dulce - Ent. Magallanes,22.8,29/08/2012,15,30,60,60,60,60,60,60,80,80,100,100,100
Ent. Magallanes - Cárdenas,30.5,29/08/2012,15,30,60,60,60,60,60,60,80,80,100,100,100
Ent. Tulancingo - Venta Grande,41.2,15/01/2014,23,46,66,66,66,66,66,81,81,111,111,111,111
Ent. Tulancingo - Venta Grande,41.2,15/01/2014,23,46,66,66,66,66,66,81,81,111,111,111,111
Libramiento de Tulancingo,22.7,15/01/2014,12,24,31,31,31,31,31,38,38,54,54,54,54
Ent. Pachuca II - Ent. Santa María El Chico,8,01/07/2003,2,5,7,7,7,7,7,9,9,13,13,13,13
Ent. Asunción - Tejocotal,18.5,15/01/2014,12,24,31,31,31,31,31,38,38,54,54,54,54
Estación Don - Nogales,459,29/08/2012,155,315,535,535,535,535,535,535,780,780,905,905,905
Estación Don - Navojoa,85.2,29/08/2012,32,65,110,110,110,110,110,110,160,160,180,180,180
Navojoa - Cd. Obregón,63.8,29/08/2012,32,65,110,110,110,110,110,110,160,160,180,180,180
Cd. Obregón - Guaymas,107.7,29/08/2012,32,65,110,110,110,110,110,110,160,160,180,180,180
Libramiento de Guaymas,21.5,29/08/2012,15,30,60,60,60,60,60,60,85,85,105,105,105
Hermosillo - Magdalena de Kino,169.9,29/08/2012,32,65,110,110,110,110,110,110,160,160,190,190,190
Libramiento de Magdalena de Kino,11.9,29/08/2012,12,25,35,35,35,35,35,35,55,55,70,70,70
Gómez Palacio - Corralitos,151.3,29/08/2012,112,225,280,280,280,280,280,280,405,405,470,470,470
Gómez Palacio - Estación Banderas,39,29/08/2012,52,105,135,135,135,135,135,135,200,200,230,230,230
Estación Banderas - Corralitos,112.3,29/08/2012,60,120,145,145,145,145,145,145,205,205,240,240,240
Guadalajara - Colima,146,31/01/2014,124,248,368,368,368,368,368,368,606,606,808,808,808
Acatlán - Ciudad Guzmán,73,31/01/2014,62,124,184,184,184,184,184,184,303,303,404,404,404
Cd. Guzmán - El Trapiche,73,31/01/2014,62,124,184,184,184,184,184,184,303,303,404,404,404
Guadalajara - Tepic,168.616,31/01/2014,172,347,428,428,428,423,423,423,655,655,726,726,726
Ent. Ameca - Magdalena,46,31/01/2014,51,103,131,131,131,129,129,129,190,190,210,210,210
Tequila - Magdalena,12.26,31/01/2014,13,26,30,30,30,29,29,29,38,38,41,41,41
Magdalena - Ixtlán del Río,51.454,31/01/2014,65,131,143,143,143,145,145,145,234,234,263,263,263
Ixtlán del Río - Tepic,77.6,31/01/2014,56,113,154,154,154,149,149,149,231,231,253,253,253
Ixtlán del Río - Santa María del Oro,47.692,31/01/2014,33,66,89,89,89,87,87,87,137,137,146,146,146
Ixtlán del Río - Tequepexpan,32.91,31/01/2014,26,52,66,66,66,64,64,64,108,108,116,116,116
Tequepexpan - Santa María del Oro,14.782,31/01/2014,7,14,24,24,24,23,23,23,29,29,30,30,30
Santa María del Oro - Tepic,21.69,31/01/2014,24,49,64,64,64,61,61,61,94,94,107,107,107
Guadalajara - Zapotlanejo,26,17/01/2014,26,52,60,60,60,59,59,59,120,120,156,156,156
Guadalajara - Zapotlanejo,26,17/01/2014,26,52,60,60,60,59,59,59,120,120,156,156,156
Cortijo - Guadalajara,9.5,17/01/2014,9,19,22,22,22,22,22,22,42,42,55,55,55
El Vado - Guadalajara,14.8,17/01/2014,14,28,33,33,33,32,32,32,66,66,86,86,86
Gutiérrez Zamora - Tihuatlán,37.289,29/08/2012,17,35,70,70,70,70,70,70,100,100,135,135,135
Gutièrrez Zamora - Tihuatlán,37.289,29/08/2012,17,35,70,70,70,70,70,70,100,100,135,135,135
Totomoxtle - Ent. Poza Rica,26.104,29/08/2012,12,25,50,50,50,45,45,45,75,75,100,100,100
Ent. Poza Rica - Tihuatlán II,9.372,29/08/2012,5,10,20,20,20,20,20,20,30,30,35,35,35
Jiménez - Camargo,70,01/01/2014,38,77,121,187,224,121,171,224,292,347,366,420,508
La Pera - Cuautla,34.165,29/08/2012,24,50,90,90,90,90,90,90,140,140,210,210,210
La Pera - Tepoztlán,17.083,29/08/2012,12,25,45,45,45,45,45,45,70,70,105,105,105
Tepoztlán - Cuautla,17.082,29/08/2012,12,25,45,45,45,45,45,45,70,70,105,105,105
La Tinaja - Cosoleacaque,228,29/08/2012,162,325,475,475,475,475,475,475,610,610,690,690,690
La Tinaja - Isla,118.15,29/08/2012,85,170,250,250,250,250,250,250,310,310,360,360,360
La Tinaja - Cosamaloapan,83.36,29/08/2012,70,140,200,200,200,200,200,200,250,250,295,295,295
Cosamaloapan - Isla,34.79,29/08/2012,15,30,55,55,55,55,55,55,60,60,65,65,65
Isla - Cosoleacaque,109.5,29/08/2012,77,155,225,225,225,225,225,225,300,300,330,330,330
Isla - Acayucan,69.85,29/08/2012,50,100,140,140,140,140,140,140,175,175,200,200,200
Acayucan - Cosoleacaque,40,29/08/2012,27,55,90,90,90,90,90,90,125,125,130,130,130
Lagos de Moreno - Villa de Arriaga,66.048,17/07/2012,45,90,175,175,175,175,175,175,250,250,350,350,350
Las Choapas - Ocozocuautla,198,29/08/2012,90,180,330,330,330,330,330,330,435,435,600,600,600
Ent. Las Choapas - Ent. Nuevo Sacrificio,63.2,29/08/2012,30,60,110,110,110,110,110,110,145,145,200,200,200
Ent. Las Choapas - Ent. Las Choapas II,17,29/08/2012,10,20,30,30,30,30,30,30,35,35,45,45,45
Ent. Las Choapas II - Ent. Nuevo Sacrificio,46.2,29/08/2012,22,45,80,80,80,80,80,80,110,110,155,155,155
Ent. Nuevo Sacrificio - Ent. Raudales,70.8,29/08/2012,30,60,110,110,110,110,110,110,145,145,200,200,200
Ent. Nuevo Sacrificio - Ent. Malpasito,49.6,29/08/2012,16,33,60,60,60,60,60,60,80,80,105,105,105
Ent. Malpasito - Ent. Raudales,21.2,29/08/2012,14,28,55,55,55,55,55,55,70,70,100,100,100
Ent. Raudales - Ocozocuautla,64,29/08/2012,30,60,110,110,110,110,110,110,145,145,200,200,200
León - Aguascalientes,103.85,17/01/2014,121,243,348,348,348,345,345,345,453,453,500,500,500
Unión de San Antonio - Lagos de Moreno,19,17/01/2014,14,28,39,39,39,39,39,39,51,51,57,57,57
LIbramiento Amecameca - Nepantla,26.81,26/03/2014,21,42,65,65,65,65,65,65,90,90,125,125,125
León - Lagos de Moreno,60.05,17/01/2014,60,120,169,169,169,168,168,168,217,217,240,240,240
León - Ent. Central de Abastos,12,17/01/2014,11,23,34,34,34,33,33,33,44,44,52,52,52
León - San Francisco del Rincón,19,17/01/2014,19,39,52,52,52,49,49,49,68,68,82,82,82
Ent. Lagos de Moreno - Aguascalientes,43.8,17/01/2014,61,123,179,179,179,177,177,177,236,236,261,261,261
Encarnación de Díaz - Aguascalientes,15.11,17/01/2014,25,51,82,82,82,77,77,77,101,101,110,110,110
Libramiento de Culiacán,22,31/01/2014,13,27,45,45,45,47,47,47,53,53,68,68,68
Libramiento de Fresnillo,20.05,10/02/2014,15,31,64,64,64,64,64,88,88,105,132,132,132
Libramiento de Fresnillo,20.05,10/02/2014,15,31,64,64,64,64,64,88,88,105,132,132,132
Ent. La Providencia - Morfín Chávez,7.02,10/02/2014,8,16,31,31,31,31,31,44,44,44,44,44,44
Morfín Chávez - Ent. San Isidro,13.03,10/02/2014,8,16,31,31,31,31,31,44,44,44,44,44,44
Libramiento de Irapuato,29.2,01/02/2014,31,63,123,123,123,90,90,90,132,132,181,181,181
Entronque ITESI - Arandas,5.81,01/02/2014,6,12,25,25,25,19,19,19,26,26,37,37,37
Arandas - San Cristobal,13.76,01/02/2014,14,29,58,58,58,47,47,47,66,66,88,88,88
Entronque ITESI - San Cristobal,19.57,01/02/2014,21,42,82,82,82,59,59,59,88,88,120,120,120
San Cristobal - Entronque Carretera 90,9.63,01/02/2014,10,21,41,41,41,31,31,31,44,44,61,61,61
Libramiento de la Piedad,21.388,14/01/2014,22,43,68,68,68,68,68,68,111,111,140,140,140
Laguna Larga - Patti II,21.388,14/01/2014,22,43,68,68,68,68,68,68,111,111,140,140,140
Laguna Larga - Calera,5.3,14/01/2014,6,11,17,17,17,17,17,17,28,28,35,35,35
Calera - Patti II,16.08,14/01/2014,16,32,52,52,52,52,52,52,83,83,106,106,106
Libramiento de Matehuala,14.2,01/01/2014,10,21,37,37,37,37,37,37,70,70,103,103,103
Libramiento de Mexicali (T Cuernavaca - T El Centinela),41,01/01/2014,34,68,117,117,117,117,117,117,168,168,201,201,201
Libramiento de Mexicali,41,01/01/2014,34,68,117,117,117,117,117,117,168,168,201,201,201
Entronque Cuernavaca - Entronque San Felipe,12,01/01/2014,10,20,34,34,34,34,34,34,50,50,58,58,58
Entronque San Felipe - Entronque Centinela,29,01/01/2014,24,48,83,83,83,83,83,83,118,118,143,143,143
Libramiento de Nogales,12.5,01/01/2014,26,52,104,104,104,104,104,185,185,209,209,209,209
Libramiento de Tecpan,4.369,01/01/2014,15,28,55,55,55,55,55,55,82,82,110,110,110
Libramiento de Víctor Rosales,5.9,10/02/2014,9,18,28,28,28,45,45,75,75,86,105,105,105
Libramiento Noreste de Querétaro,37,29/08/2012,20,40,65,65,65,65,65,65,70,70,90,90,90
Ent. Aut. Méx/Qro - Qro - Ent. Aut. Qro/SLP,37,29/08/2012,20,40,65,65,65,65,65,65,70,70,90,90,90
Ent. Atlacomulco - Ent. Puebla,223.85,01/02/2014,190,380,660,660,660,660,660,660,952,952,"1,480.00","1,480.00","1,480.00"
Libramiento Norte de la Ciudad de México,223.85,01/02/2014,190,380,660,660,660,660,660,660,952,952,"1,480.00","1,480.00","1,480.00"
Ent. Atlacomulco - Ent. Texmelucan,219.85,01/02/2014,187,375,650,650,650,650,650,650,934,934,"1,457.00","1,457.00","1,457.00"
Ent. Atlacomulco - Ent. Sanctórum,192.85,01/02/2014,162,324,565,565,565,565,565,565,822,822,"1,272.00","1,272.00","1,272.00"
Ent. Atlacomulco - Ent. Calpulalpan,178.39,01/02/2014,150,301,527,527,527,527,527,527,760,760,"1,182.00","1,182.00","1,182.00"
Ent. Atlacomulco - Ent. Cd. Sahagún,160.57,01/02/2014,136,273,471,471,471,471,471,471,687,687,"1,065.00","1,065.00","1,065.00"
Ent. Atlacomulco - Ent. Tulancingo,149.15,01/02/2014,127,255,438,438,438,438,438,438,635,635,985,985,985
Ent. Atlacomulco - Ent. Pachuca,125.37,01/02/2014,108,217,370,370,370,370,370,370,540,540,835,835,835
Ent. Atlacomulco - Ent. Ajoloapan,106.84,01/02/2014,89,179,308,308,308,308,308,308,460,460,707,707,707
Ent. Atlacomulco - Ent. Atitalaquia,84.66,01/02/2014,73,146,246,246,246,246,246,246,365,365,562,562,562
Ent. Atlacomulco - Ent. Tula I,77.18,01/02/2014,68,136,223,223,223,223,223,223,332,332,517,517,517
Ent. Atlacomulco - Ent. Tula II,67.48,01/02/2014,59,118,190,190,190,190,190,190,287,287,450,450,450
Ent. Atlacomulco - Ent. Querétaro,47.84,01/02/2014,42,85,134,134,134,134,134,134,207,207,315,315,315
Ent. Atlacomulco - Ent. Jilotepec,40,01/02/2014,37,75,116,116,116,116,116,116,169,169,270,270,270
Ent. Atlacomulco - Ent. Acambay,12.5,01/02/2014,11,23,33,33,33,33,33,33,52,52,85,85,85
Ent. Acambay - Ent. Puebla,211.35,01/02/2014,178,357,627,627,627,627,627,627,900,900,"1,395.00","1,395.00","1,395.00"
Ent. Acambay - Ent. Texmelucan,207.35,01/02/2014,176,352,617,617,617,617,617,617,882,882,"1,372.00","1,372.00","1,372.00"
Ent. Acambay - Ent. Sanctórum,180.35,01/02/2014,150,301,532,532,532,532,532,532,770,770,"1,187.00","1,187.00","1,187.00"
Ent. Acambay - Ent. Calpulalpan,165.89,01/02/2014,139,278,494,494,494,494,494,494,708,708,"1,097.00","1,097.00","1,097.00"
Ent. Acambay - Ent. Cd. Sahagún,148.07,01/02/2014,125,250,438,438,438,438,438,438,635,635,980,980,980
Ent. Acambay - Ent. Tulancingo,136.65,01/02/2014,116,232,405,405,405,405,405,405,583,583,900,900,900
Ent. Acambay - Ent. Pachuca,112.87,01/02/2014,97,194,337,337,337,337,337,337,488,488,750,750,750
Ent. Acambay - Ent. Ajoloapan,94.34,01/02/2014,78,156,275,275,275,275,275,275,408,408,622,622,622
Ent. Acambay - Ent. Atitalaquia,72.16,01/02/2014,61,123,213,213,213,213,213,213,313,313,477,477,477
Ent. Acambay - Ent. Tula I,64.68,01/02/2014,56,113,190,190,190,190,190,190,280,280,432,432,432
Ent. Acambay - Ent. Tula II,54.98,01/02/2014,47,95,157,157,157,157,157,157,235,235,365,365,365
Ent. Acambay - Ent. Querétaro,34.98,01/02/2014,31,62,101,101,101,101,101,101,155,155,230,230,230
Ent. Acambay - Ent. Jilotepec,27.5,01/02/2014,26,52,83,83,83,83,83,83,117,117,185,185,185
Ent. Jilotepec - Ent. Puebla,183.85,01/02/2014,152,305,544,544,544,544,544,544,783,783,"1,210.00","1,210.00","1,210.00"
Ent. Jilotepec - Ent. Texmelucan,179.85,01/02/2014,150,300,534,534,534,534,534,534,765,765,"1,187.00","1,187.00","1,187.00"
Ent. Jilotepec - Ent. Sanctórum,152.85,01/02/2014,124,249,449,449,449,449,449,449,653,653,"1,002.00","1,002.00","1,002.00"
Ent. Jilotepec - Ent. Calpulalpan,138.39,01/02/2014,113,226,411,411,411,411,411,411,591,591,912,912,912
Ent. Jilotepec - Ent. Cd. Sahagún,120.57,01/02/2014,99,198,355,355,355,355,355,355,518,518,795,795,795
Ent. Jilotepec - Ent. Tulancingo,109.15,01/02/2014,90,180,322,322,322,322,322,322,466,466,715,715,715
Ent. Jilotepec - Ent. Pachuca,85.37,01/02/2014,71,142,254,254,254,254,254,254,371,371,565,565,565
Ent. Jilotepec - Ent. Ajoloapan,66.84,01/02/2014,52,104,192,192,192,192,192,192,291,291,437,437,437
Ent. Jilotepec - Ent. Atitalaquia,44.66,01/02/2014,35,71,130,130,130,130,130,130,196,196,292,292,292
Ent. Jilotepec - Ent. Tula I,37.18,01/02/2014,30,61,107,107,107,107,107,107,163,163,247,247,247
Ent. Jilotepec - Ent. Tula II,27.48,01/02/2014,21,43,74,74,74,74,74,74,118,118,180,180,180
Ent. Jilotepec - Ent. Querétaro,7.48,01/02/2014,5,10,18,18,18,18,18,18,38,38,45,45,45
Ent. Querétaro - Ent. Puebla,176.37,01/02/2014,147,295,526,526,526,526,526,526,745,745,"1,165.00","1,165.00","1,165.00"
Ent. Querétaro - Ent. Texmelucan,172.37,01/02/2014,145,290,516,516,516,516,516,516,727,727,"1,142.00","1,142.00","1,142.00"
Ent. Querétaro - Ent. Sanctórum,145.37,01/02/2014,119,239,431,431,431,431,431,431,615,615,957,957,957
Ent. Querétaro - Ent. Calpulalpan,130.91,01/02/2014,108,216,393,393,393,393,393,393,553,553,867,867,867
Ent. Querétaro - Ent. Cd. Sahagún,113.09,01/02/2014,94,188,337,337,337,337,337,337,480,480,750,750,750
Ent. Querétaro - Ent. Tulancingo,101.67,01/02/2014,85,170,304,304,304,304,304,304,428,670,670,670,
Ent. Querétaro - Ent. Pachuca,77.89,01/02/2014,66,132,236,236,236,236,236,236,333,333,520,520,520
Ent. Querétaro - Ent. Ajoloapan,59.36,01/02/2014,47,94,174,174,174,174,174,174,253,253,392,392,392
Ent. Querétaro - Ent. Atitalaquia,37.18,01/02/2014,30,61,112,112,112,112,112,112,158,158,247,247,247
Ent. Querétaro - Ent. Tula I,29.7,01/02/2014,25,51,89,89,89,89,89,89,125,125,202,202,202
Ent. Querétaro - Ent. Tula II,20,01/02/2014,16,33,56,56,56,56,56,56,80,80,135,135,135
Ent. Tula II - Ent. Puebla,156.37,01/02/2014,131,262,470,470,470,470,470,470,665,665,"1,030.00","1,030.00","1,030.00"
Ent. Tula II - Ent. Texmelucan,152.37,01/02/2014,128,257,460,460,460,460,460,460,647,647,"1,007.00","1,007.00","1,007.00"
Ent. Tula II - Ent. Sanctórum,125.37,01/02/2014,103,206,375,375,375,375,375,375,535,535,822,822,822
Ent. Tula II - Ent. Calpulalpan,110.91,01/02/2014,91,183,337,337,337,337,337,337,473,473,732,732,732
Ent. Tula II - Ent. Cd. Sahagún,93.09,01/02/2014,77,155,281,281,281,281,281,281,400,400,615,615,615
Ent. Tula II - Ent. Tulancingo,81.67,01/02/2014,68,137,248,248,248,248,248,248,348,348,535,535,535
Ent. Tula II - Ent. Pachuca,57.89,01/02/2014,49,99,180,180,180,180,180,180,253,253,385,385,385
Ent. Tula II - Ent. Ajoloapan,39.36,01/02/2014,30,61,118,118,118,118,118,118,173,173,257,257,257
Ent. Tula II - Ent. Atitalaquia,17.18,01/02/2014,14,28,56,56,56,56,56,56,78,78,112,112,112
Ent. Tula II - Ent. Tula I,9.7,01/02/2014,9,18,33,33,33,33,33,33,45,45,67,67,67
Ent. Tula I - Ent. Puebla,146.67,01/02/2014,122,244,437,437,437,437,437,437,620,620,963,963,963
Ent. Tula I - Ent. Texmelucan,142.67,01/02/2014,119,239,427,427,427,427,427,427,602,602,940,940,940
Ent. Tula I - Ent. Sanctórum,115.67,01/02/2014,94,188,342,342,342,342,342,342,490,490,755,755,755
Ent. Tula I - Ent. Calpulalpan,101.21,01/02/2014,82,165,304,304,304,304,304,304,428,428,665,665,665
Ent. Tula I - Ent. Cd. Sahagún,83.39,01/02/2014,68,137,248,248,248,248,248,248,355,355,548,548,548
Ent. Tula I - Ent. Tulancingo,71.97,01/02/2014,59,119,215,215,215,215,215,215,303,303,468,468,468
Ent. Tula I - Ent. Pachuca,48.19,01/02/2014,40,81,147,147,147,147,147,147,208,208,318,318,318
Ent. Tula I - Ent. Ajoloapan,29.66,01/02/2014,21,43,85,85,85,85,85,85,128,128,190,190,190
Ent. Tula I - Ent. Atitalaquia,7.48,01/02/2014,5,10,23,23,23,23,23,23,33,33,45,45,45
Ent. Atitalaquia - Ent. Puebla,139.19,01/02/2014,117,234,414,414,414,414,414,414,587,587,918,918,918
Ent. Atitalaquia - Ent. Texmelucan,135.19,01/02/2014,114,229,404,404,404,404,404,404,569,569,895,895,895
Ent. Atitalaquia - Ent. Sanctórum,108.19,01/02/2014,89,178,319,319,319,319,319,319,457,457,710,710,710
Ent. Atitalaquia - Ent. Calpulalpan,93.73,01/02/2014,77,155,281,281,281,281,281,281,395,395,620,620,620
Ent. Atitalaquia - Ent. Cd. Sahagún,75.91,01/02/2014,63,127,225,225,225,225,225,225,322,322,503,503,503
Ent. Atitalaquia - Ent. Tulancingo,64.49,01/02/2014,54,109,192,192,192,192,192,192,270,270,423,423,423
Ent. Atitalaquia - Ent. Pachuca,40.71,01/02/2014,35,71,124,124,124,124,124,124,175,175,273,273,273
Ent. Atitalaquia - Ent. Ajoloapan,22.18,01/02/2014,16,33,62,62,62,62,62,62,95,95,145,145,145
Ent. Ajoloapan - Ent. Puebla,117.01,01/02/2014,100,201,352,352,352,352,352,352,492,492,773,773,773
Ent. Ajoloapan - Ent. Texmelucan,113.01,01/02/2014,98,196,342,342,342,342,342,342,474,474,750,750,750
Ent. Ajoloapan - Ent. Sanctórum,86.01,01/02/2014,72,145,257,257,257,257,257,257,362,362,565,565,565
Ent. Ajoloapan - Ent. Calpulalpan,71.55,01/02/2014,61,122,219,219,219,219,219,219,300,300,475,475,475
Ent. Ajoloapan - Ent. Cd. Sahagún,53.73,01/02/2014,47,94,163,163,163,163,163,163,227,227,358,358,358
Ent. Ajoloapan - Ent. Tulancingo,42.31,01/02/2014,38,76,130,130,130,130,130,130,175,175,278,278,278
Ent. Ajoloapan - Ent. Pachuca,18.53,01/02/2014,19,38,62,62,62,62,62,62,80,80,128,128,128
Ent. Pachuca - Ent. Puebla,98.48,01/02/2014,81,163,290,290,290,290,290,290,412,412,645,645,645
Ent. Pachuca - Ent. Texmelucan,94.48,01/02/2014,79,158,280,280,280,280,280,280,394,394,622,622,622
Ent. Pachuca - Ent. Sanctórum,67.84,01/02/2014,53,107,195,195,195,195,195,195,282,282,437,437,437
Ent. Pachuca - Ent. Calpulalpan,53.02,01/02/2014,42,84,157,157,157,157,157,157,220,220,347,347,347
Ent. Pachuca - Ent. Cd. Sahagún,35.2,01/02/2014,28,56,101,101,101,101,101,101,147,147,230,230,230
Ent. Pachuca - Ent. Tulancingo,23.78,01/02/2014,19,38,68,68,68,68,68,68,95,95,150,150,150
Ent. Tulancingo - Ent. Puebla,74.7,01/02/2014,62,125,222,222,222,222,222,222,317,317,495,495,495
Ent. Tulancingo - Ent. Texmelucan,70.7,01/02/2014,60,120,212,212,212,212,212,212,299,299,472,472,472
Ent. Tulancingo - Ent. Sanctórum,43.7,01/02/2014,34,69,127,127,127,127,127,127,187,187,287,287,287
Ent. Tulancingo - Ent. Calpulalpan,29.24,01/02/2014,23,46,89,89,89,89,89,89,125,125,197,197,197
Ent. Tulancingo - Cd. Sahagún,11.42,01/02/2014,9,18,33,33,33,33,33,33,52,52,80,80,80
Ent. Cd. Sahagún - Ent. Puebla,63.28,01/02/2014,53,107,189,189,189,189,189,189,265,265,415,415,415
Ent. Cd. Sahagún - Ent. Texmelucan,59.28,01/02/2014,51,102,179,179,179,179,179,179,247,247,392,392,392
Ent. Cd. Sahagún - Ent. Sanctórum,32.28,01/02/2014,25,51,94,94,94,94,94,94,135,135,207,207,207
Ent. Cd. Sahagún - Ent. Calpulalpan,17.82,01/02/2014,14,28,56,56,56,56,56,56,73,73,117,117,117
Ent. Calpulalpan - Ent. Puebla,45.46,01/02/2014,39,79,133,133,133,133,133,133,192,192,298,298,298
Ent. Calpulalpan - Ent. Texmelucan,41.46,01/02/2014,37,74,123,123,123,123,123,123,174,174,275,275,275
Ent. Calpulalpan - Ent. Sanctórum,14.46,01/02/2014,11,23,38,38,38,38,38,38,62,62,90,90,90
Ent. Sanctórum - Ent. Puebla,31,01/02/2014,28,56,95,95,95,95,95,95,130,130,208,208,208
Ent. Sanctórum - Ent. Texmelucan,27,01/02/2014,25,51,85,85,85,85,85,85,112,112,185,185,185
Ent. Texmelucan - Ent. Puebla,4,01/02/2014,2,5,10,10,10,10,10,10,18,18,23,23,23
Libramiento Oriente de Saltillo,21,29/08/2012,17,35,50,50,50,0,0,0,0,0,0,0,0
Libramiento Oriente de San Luis Potosí,33.76,01/04/2014,28,56,108,108,108,108,108,108,127,127,198,198,198
Libramiento Poniente de Tampico,14.478,29/08/2012,12,25,45,45,45,45,45,45,70,70,85,85,85
Libramiento Poniente de Tampico,14.478,29/08/2012,12,25,45,45,45,45,45,45,70,70,85,85,85
Boulevard Loma Real - Ent. Altamira,8.378,29/08/2012,6,12,25,25,25,25,25,25,35,35,45,45,45
Ent. Ciudad Valles - Boulevard Loma Real,6.1,29/08/2012,6,12,25,25,25,25,25,25,35,35,45,45,45
Libramiento Sur II de Reynosa,6.1,03/10/2012,3,7,14,14,14,14,14,21,21,28,28,28,28
Maravatío - Zapotlanejo,309.7,17/01/2014,257,516,815,815,815,800,800,800,959,959,"1,068.00","1,068.00","1,068.00"
Zapotlanejo del Rey - Zapotlanejo,28.7,17/01/2014,24,49,65,65,65,65,65,65,95,95,115,115,115
Maravatío - Morelia,75.427,17/01/2014,64,128,209,209,209,203,203,203,233,233,262,262,262
Maravatío - Zinapécuaro,37.216,17/01/2014,32,64,104,104,104,100,100,100,115,115,130,130,130
Maravatío - Jeráhuaro,21.113,17/01/2014,18,36,60,60,60,57,57,57,66,66,78,78,78
Jeráhuaro - Zinapécuaro,16.103,17/01/2014,14,28,44,44,44,43,43,43,49,49,52,52,52
Zinapécuaro - Morelia,38.211,17/01/2014,32,64,105,105,105,103,103,103,118,118,132,132,132
Morelia - Churintzio,105.894,17/01/2014,85,171,268,268,268,265,265,265,329,329,358,358,358
Morelia - Panindícuaro,66.663,17/01/2014,57,115,173,173,173,171,171,171,210,210,224,224,224
Morelia - Huaniqueo,39.573,17/01/2014,33,67,104,104,104,103,103,103,120,120,124,124,124
Huaniqueo - Panindícuaro,27.09,17/01/2014,24,48,69,69,69,68,68,68,90,90,100,100,100
Panindícuaro - Churintzio,39.231,17/01/2014,28,56,95,95,95,94,94,94,119,119,134,134,134
Churintzio - La Barca,55.823,17/01/2014,44,89,143,143,143,140,140,140,172,172,194,194,194
Churintzio - Ecuandureo,13.682,17/01/2014,7,14,33,33,33,31,31,31,38,38,48,48,48
Ecuandureo - La Barca,42.141,17/01/2014,37,75,110,110,110,109,109,109,134,134,146,146,146
Vista Hermosa - La Barca,12.144,17/01/2014,12,24,34,34,34,33,33,33,37,37,42,42,42
La Barca - Zapotlanejo,72.556,17/01/2014,64,128,195,195,195,192,192,192,225,225,254,254,254
La Barca - Ocotlán,23.811,17/01/2014,21,42,68,68,68,67,67,67,71,71,75,75,75
Ocotlán - Zapotlanejo,48.095,17/01/2014,42,85,128,128,128,125,125,125,154,154,180,180,180
Mazatlán - Culiacán,181.5,31/01/2014,112,224,371,371,371,389,389,389,436,436,559,559,559
El Venadillo - Ent. La Cruz,89.541,31/01/2014,52,104,178,178,178,188,188,188,210,210,275,275,275
Ent. La Cruz - Costa Rica,91.959,31/01/2014,60,120,193,193,193,201,201,201,226,226,284,284,284
Ent. La Cruz - Quilá,64.259,31/01/2014,42,85,143,143,143,150,150,150,154,154,208,208,208
Quilá - Costa Rica,27.7,31/01/2014,18,35,50,50,50,51,51,51,72,72,76,76,76
Mérida - Cancún,241.34,01/01/2014,203,407,761,761,761,761,"1,090.00","1,090.00","1,684.00","1,684.00","2,241.00","2,241.00","2,241.00"
Kantunil - Valladolid,90,01/01/2014,74,149,285,285,285,285,406,406,622,622,829,829,829
Kantunil - Pisté,50,01/01/2014,43,86,156,156,156,156,228,228,336,336,457,457,457
Pisté - Valladolid,40,01/01/2014,31,63,129,129,129,129,178,178,285,285,372,372,372
Valladolid - Cancún,151.34,01/01/2014,129,258,476,476,476,476,684,684,"1,062.00","1,062.00","1,412.00","1,412.00","1,412.00"
México - Cuernavaca,61.54,29/08/2012,47,95,175,175,175,175,175,175,295,295,425,425,425
México - Cuernavaca,61.54,29/08/2012,47,95,175,175,175,175,175,175,295,295,425,425,425
Tres Marías - Cuernavaca,27.5,29/08/2012,17,35,75,75,75,75,75,75,145,145,205,205,205
México - La Marquesa,22,15/09/2013,35,70,140,140,140,140,140,140,210,210,280,280,280
México - La Marquesa,22,15/09/2013,35,70,140,140,140,140,140,140,210,210,280,280,280
México - La Venta,11.5,15/09/2013,17,35,70,70,70,70,70,70,105,105,140,140,140
México - Santa Fe,5.13,04/02/2012,2,5,0,0,0,0,0,0,0,0,0,0,0
México - Contadero,10.93,15/09/2013,17,35,70,70,70,70,70,70,105,105,140,140,140
Contadero - La Marquesa,11.07,15/09/2013,17,35,70,70,70,70,70,70,105,105,140,140,140
La Venta - La Marquesa,10.5,15/09/2013,17,35,70,70,70,70,70,70,105,105,140,140,140
México - Pachuca,45.8,15/01/2014,22,44,86,86,86,86,86,170,170,260,260,260,260
Indios Verdes - Tizayuca,45.8,15/01/2014,22,44,86,86,86,86,86,170,170,260,260,260,260
Indios Verdes - San Cristóbal Ecatepec,8.8,15/01/2014,8,16,29,29,29,29,29,61,61,81,81,81,81
México - Lechería/Texcoco,11.2,15/01/2014,11,22,37,37,37,37,37,76,76,104,104,104,104
México - Huehuetoca,11.2,15/01/2014,11,22,37,37,37,37,37,76,76,104,104,104,104
Huehuetoca - Pachuca,2.3,15/01/2014,2,4,6,6,6,6,6,17,17,22,22,22,22
México - Puebla,110.91,29/08/2012,65,130,270,270,270,270,270,525,525,750,750,750,750
México - Circuito Ext. Mexiquense,15.955,29/08/2012,7,15,30,30,30,30,30,45,45,70,70,70,70
México - San Martín Texmelucan,74.555,29/08/2012,50,100,195,195,195,195,195,380,380,540,540,540,540
México - Chalco,15.055,29/08/2012,7,15,30,30,30,30,30,45,45,70,70,70,70
San Martín Texmelucan - Puebla,36.155,29/08/2012,15,30,75,75,75,75,75,145,145,210,210,210,210
México - Querétaro,115.312,29/08/2012,70,140,290,290,290,290,290,550,550,795,795,795,795
Circuito Exterior Mexiquense - Tepeji,35.092,16/01/2007,38,38,68,68,68,67,67,137,137,195,195,195,195
México - Tepeji del Río,57.571,29/08/2012,35,70,150,150,150,150,150,280,280,405,405,405,405
Jorobas - Tepeji del Río,34.149,29/08/2012,22,45,80,80,80,80,80,155,155,220,220,220,220
Tepeji del Río - Palmillas,57.571,29/08/2012,35,70,140,140,140,140,140,270,270,390,390,390,390
Tepeji del Río - Polotitlán,42.621,29/08/2012,30,60,115,115,115,115,115,230,230,320,320,320,320
Monterrey - Nuevo Laredo,123.1,29/08/2012,102,205,270,270,270,270,270,270,365,365,415,415,415
Agualeguas - Parás,19.4,29/08/2012,15,30,40,40,40,40,40,40,65,65,70,70,70
Monterrey - La Gloria,123.1,29/08/2012,102,205,270,270,270,270,270,270,365,365,415,415,415
Monterrey - Sabinas,77.3,29/08/2012,57,115,150,150,150,150,150,150,200,200,225,225,225
Monterrey - Agualeguas,56.9,29/08/2012,40,80,110,110,110,110,110,110,135,135,155,155,155
Sabinas - La Gloria,45.8,29/08/2012,42,85,120,120,120,120,120,120,165,165,190,190,190
Vallecillos - La Gloria,30.25,04/08/2009,59,59,87,87,87,86,86,86,129,129,134,134,134
Agualeguas - Sabinas,20.4,29/08/2012,15,30,40,40,40,40,40,40,65,65,70,70,70
Monterrey - Saltillo y Libramiento Norponiente de Saltillo,49.8,08/02/2014,71,143,248,248,248,248,248,248,374,374,374,374,374
Zacatecas - Monclova,31.5,08/02/2014,21,42,73,73,73,73,73,73,110,110,110,110,110
Monclova - Ojo Caliente 1,13.8,08/02/2014,9,18,32,32,32,32,32,32,50,50,50,50,50
Monclova - Ojo Caliente 2,22,08/02/2014,16,32,56,56,56,56,56,56,86,86,86,86,86
Ojo Caliente 2 - Morones Prieto,41.6,08/02/2014,34,69,119,119,119,119,119,119,178,178,178,178,178
El Jónuco - Periférico,7.254,08/02/2014,6,12,21,21,21,21,21,21,31,31,31,31,31
El Jónuco - Morones Prieto,20.191,08/02/2014,17,34,57,57,57,57,57,57,84,84,84,84,84
Zacatecas - Torreón,21.5,08/02/2014,14,28,50,50,50,50,50,50,75,75,75,75,75
Torreón - Monclova,10,08/02/2014,7,14,23,23,23,23,23,23,35,35,35,35,35
Ojo Caliente 1 - Ojo Caliente 2,8.2,08/02/2014,7,14,24,24,24,24,24,24,36,36,36,36,36
Ojo Caliente 2 - Periférico,28.7,08/02/2014,23,47,83,83,83,83,83,83,125,125,125,125,125
Periférico - Morones Prieto,12.9,08/02/2014,11,22,36,36,36,36,36,36,53,53,53,53,53
Morelia - Salamanca,83,10/02/2014,81,162,402,402,402,402,402,402,556,556,637,637,637
Copándaro - Valtierrilla - Cerro Gordo,83,10/02/2014,81,162,402,402,402,402,402,402,556,556,637,637,637
Copándaro - Valle de Santiago,58,10/02/2014,61,122,289,289,289,289,289,289,400,400,462,462,462
Copándaro - Uriangato,32,10/02/2014,38,77,177,177,177,177,177,177,246,246,282,282,282
Copándaro - La Cinta,20,10/02/2014,21,42,119,119,119,119,119,119,165,165,190,190,190
Copándaro - Cuitzeo,7,10/02/2014,7,15,38,38,38,45,45,45,56,56,62,62,62
La Cinta - Valle de Santiago,38,10/02/2014,40,80,170,170,170,170,170,170,235,235,272,272,272
La Cinta - Uriangato,12,10/02/2014,17,35,58,58,58,58,58,58,81,81,92,92,92
Uriangato - Valle de Santiago,26,10/02/2014,22,45,112,112,112,112,112,112,154,154,180,180,180
Valle de Santiago - Ent. Cerro Gordo,25,10/02/2014,20,40,113,113,113,113,113,113,156,156,175,175,175
Valtierrilla - Ent. Cerro Gordo,5,10/02/2014,5,10,17,17,17,22,22,22,25,25,28,28,28
La Cinta - Cerro Gordo,38,10/02/2014,60,120,283,283,283,283,283,283,391,391,447,447,447
Uriangato - Cerro Gordo,51,10/02/2014,42,85,225,225,225,225,225,225,310,310,355,355,355
Nueva Italia - Lázaro Cárdenas,151.5,08/02/2014,84,169,341,341,341,337,337,337,505,505,672,672,672
Ent. Nueva Italia - Ent. Las Cañas,57.5,08/02/2014,34,68,136,136,136,135,135,135,202,202,269,269,269
Ent. Las Cañas - Lázaro Cárdenas,99.25,08/02/2014,50,100,205,205,205,202,202,202,303,303,403,403,403
Ent. Las Cañas - Ent. Feliciano,70.5,08/02/2014,34,68,135,135,135,134,134,134,202,202,269,269,269
Ent. Feliciano - Lázaro Cárdenas,28.75,08/02/2014,16,33,69,69,69,68,68,68,102,102,134,134,134
Pátzcuaro - Uruapan,56.5,08/02/2014,28,57,134,134,134,128,128,128,195,195,268,268,268
Pátzcuaro - Zirahuén,20.7,08/02/2014,12,24,46,46,46,43,43,43,73,73,100,100,100
Zirahuén - Uruapan,35.8,08/02/2014,16,33,88,88,88,84,84,84,122,122,167,167,167
Zurumucapío - Uruapan,16.5,08/02/2014,12,24,35,35,35,33,33,33,53,53,72,72,72
Peñón - Texcoco,16.17,23/01/2014,20,40,79,79,79,79,79,79,118,118,158,158,158
Ent. Circuito Exterior Mexiquense,11.87,23/01/2014,15,30,60,60,60,60,60,60,90,90,121,121,121
Perote - Banderilla y Libramiento de Xalapa,59.6,06/01/2014,115,231,241,241,241,359,359,359,445,445,654,654,654
Perote - Banderilla,30,06/01/2014,53,106,111,111,111,122,122,122,143,143,285,285,285
Libramiento de Xalapa,29.6,06/01/2014,62,125,130,130,130,237,237,237,302,302,369,369,369
Puebla - Acatzingo,42.27,29/08/2012,27,55,110,110,110,110,110,200,200,275,275,275,275
Puebla - Ent. Amozoc III,6.879,29/08/2012,5,10,20,20,20,20,20,35,35,45,45,45,45
Puebla - Acatzingo,42.27,29/08/2012,27,55,110,110,110,110,110,200,200,275,275,275,275
Puebla - Amozoc,13.758,29/08/2012,15,30,55,55,55,55,55,100,100,140,140,140,140
Puente Alvarado,0.53,29/08/2012,10,20,37,37,37,37,37,79,79,113,113,113,113
"Puente Int. Reynosa - McAllen ""Anzalduas""",2.558,01/01/2014,17,35,70,70,70,70,70,70,70,70,71,72,73
Puente Cadereyta,0.179,29/08/2012,6,12,15,15,15,15,15,22,22,28,28,28,28
Puente Camargo,0.116,01/01/2014,13,26,50,50,50,50,50,50,50,50,50,50,50
Puente Caracol,0.164,29/08/2012,10,20,37,37,37,37,37,79,79,113,113,113,113
Puente Cd. Acuña,0.129,01/01/2014,13,26,50,50,50,50,50,50,50,50,50,50,50
Puente Coatzacoalcos,0.985,01/07/2011,11,22,38,38,38,38,38,77,77,110,110,110,110
Puente Colorado,0.304,01/01/2014,6,13,25,25,25,25,25,25,58,58,95,95,95
Puente Culiacán,0.433,29/08/2012,10,20,34,34,34,34,34,73,73,105,105,105,105
Puente de Ixtla - Iguala,63.578,29/08/2012,32,65,130,130,130,130,130,130,240,240,330,330,330
Puente Dovalí Jaime,1.268,29/08/2012,8,17,31,31,31,31,31,55,55,85,85,85,85
Puente Dr. Ignacio Chávez,0.488,15/01/2004,11,11,23,23,23,22,22,22,33,33,45,45,45
Puente El Zacatal,3.861,29/08/2012,35,70,140,140,140,140,140,140,225,225,295,295,295
Puente Grijalva,0.254,29/08/2012,10,20,37,37,37,37,37,79,79,113,113,113,113
Puente José López Portillo,0.391,01/11/2013,7,14,28,28,28,28,28,28,56,56,101,101,101
Puente Juárez - Lincoln,0.159,01/01/2014,13,26,55,55,55,55,55,110,110,183,183,183,183
Puente La Piedad,0.092,29/08/2012,6,12,17,17,17,17,17,27,27,42,42,42,42
Isla del Carmen - Isla Aguada,3.222,01/01/2014,18,62,156,218,218,156,218,218,312,312,312,312,312
Puente Laredo I,0.108,01/01/2014,13,26,50,50,50,50,50,50,50,50,50,50,50
Puente Las Flores,0.083,01/01/2014,13,26,50,50,50,50,50,50,50,50,50,50,50
Puente Libre Comercio,0.08,01/01/2014,15,29,61,61,61,61,61,124,124,198,198,198,198
Puente Los Tomates,0.81,01/01/2014,16,32,67,67,67,67,67,67,139,139,218,218,218
Puente Matamoros,0.155,01/01/2014,13,26,50,50,50,50,50,50,50,50,50,50,50
Puente Miguel Alemán,0.155,01/01/2014,13,26,50,50,50,50,50,50,50,50,50,50,50
Puente Nautla,0.214,29/08/2012,10,20,37,37,37,37,37,79,79,113,113,113,113
Puente Nuevo Laredo III,0.298,01/01/2014,15,30,65,65,65,65,65,144,144,214,214,214,214
Puente Ojinaga,0.121,01/01/2014,12,24,45,45,45,45,45,45,45,45,45,45,45
Puente Papaloapan,0.288,29/08/2012,10,20,37,37,37,37,37,79,79,113,113,113,113
Puente Paso del Norte,0.216,01/01/2014,13,26,45,45,45,45,45,45,45,45,45,45,45
Puente Pánuco,0.179,29/08/2012,9,18,35,35,35,35,35,70,70,95,95,95,95
Puente Piedras Negras,0.113,01/01/2014,13,26,50,50,50,50,50,50,50,50,50,50,50
Puente Piedras Negras II,0.102,01/01/2014,13,26,50,50,50,50,50,50,105,105,164,164,164
Puente Reynosa,0.112,01/01/2014,13,26,50,50,50,50,50,50,50,50,50,50,50
Puente Reynosa-Pharr,2.629,01/01/2014,16,32,67,67,67,67,67,67,139,139,218,218,218
Puente Int. Río Bravo - Donna,0.167,01/01/2014,15,30,0,0,0,0,0,0,0,0,0,0,0
Puente Rodolfo Robles,0.189,01/01/2014,7,15,26,26,26,26,26,52,52,75,75,75,75
Puente San Juan,0.175,01/01/2014,7,14,26,26,26,26,26,42,42,60,60,60,60
"Puente Int. San Luis Río Colorado II ""Cucapá""",0.4,20/01/2014,15,30,62,62,62,62,62,62,89,89,117,117,117
Puente San Miguel,0.26,17/03/2014,32,63,102,102,102,102,113,113,160,160,204,204,204
Puente Sinaloa,0.32,29/08/2012,10,20,37,37,37,37,37,79,79,113,113,113,113
Puente Solidaridad,0.16,30/11/2012,13,27,58,58,58,58,58,129,129,191,191,191,191
Puente Suchiate II,0.029,01/01/2014,7,15,26,26,26,26,26,52,52,75,75,75,75
Puente Tampico,1.543,29/08/2012,15,30,65,65,65,65,65,120,120,165,165,165,165
Puente Tecolutla,0.368,29/08/2012,10,20,35,35,35,35,35,75,75,113,113,113,113
Puente Tlacotalpan,0.597,29/08/2012,10,20,37,37,37,37,37,79,79,113,113,113,113
Puente Usumacinta,0.347,29/08/2012,10,20,37,37,37,37,37,79,79,113,113,113,113
Puente Zaragoza - Ysleta,0.155,01/01/2014,13,26,79,79,79,79,79,167,167,265,265,265,265
Puerto México - Ent. La Carbonera,32,29/08/2012,27,55,80,80,80,125,125,125,170,170,210,210,210
Puerto México - Ent. La Carbonera,32,29/08/2012,27,55,80,80,80,125,125,125,170,170,210,210,210
Puerto México - Huachichil,32,29/08/2012,17,35,55,55,55,100,100,100,135,135,170,170,170
Querétaro - Irapuato,103.75,29/08/2012,64,130,260,260,260,260,260,475,475,675,675,675,675
Querétaro - Celaya,44.5,29/08/2012,32,65,125,125,125,125,125,235,235,330,330,330,330
Celaya - Irapuato,59.25,29/08/2012,32,65,135,135,135,135,135,240,240,345,345,345,345
Celaya - Salamanca,37.75,29/08/2012,22,45,95,95,95,95,95,180,180,245,245,245,245
Celaya - Ent. Villagrán,19.95,29/08/2012,12,25,45,45,45,45,45,85,85,125,125,125,125
Celaya - Cerro Gordo,32.75,29/08/2012,17,35,75,75,75,75,75,130,130,185,185,185,185
Cerro Gordo - Salamanca,5,29/08/2012,5,10,25,25,25,25,25,55,55,65,65,65,65
Cerro Gordo - Irapuato,26.75,29/08/2012,15,30,60,60,60,60,60,110,110,165,165,165,165
Salamanca - Irapuato,21.5,29/08/2012,12,25,45,45,45,45,45,70,70,105,105,105,105
Querétaro - Ent. Lib. Surponiente de Qro.,7.11,29/08/2012,3,7,7,7,7,7,7,7,7,7,7,7,7
Rancho Viejo - Taxco,8.34,29/08/2012,6,13,22,22,22,22,22,35,35,45,45,45,45
Reynosa - Matamoros,44,01/01/2014,31,63,115,115,115,115,115,115,167,167,219,219,219
Reynosa - Matamoros,44,01/01/2014,31,63,115,115,115,115,115,115,167,167,219,219,219
Reynosa - Nuevo Progreso,22.39,01/01/2014,15,31,57,57,57,57,57,57,84,84,110,110,110
Nuevo Progreso - Matamoros,21.61,01/01/2014,15,31,57,57,57,57,57,57,84,84,110,110,110
Río Verde - Cd. Valles,18.2,16/11/2012,19,38,55,55,55,55,55,68,68,106,106,106,106
Rayón - Vicente Guerrero,18.2,16/11/2012,19,38,55,55,55,55,55,68,68,106,106,106,106
La Rumorosa - Tecate,55.5,01/01/2014,31,63,115,115,115,115,115,204,204,293,293,293,293
La Rumorosa - Tecate,55.5,01/01/2014,31,63,115,115,115,115,115,204,204,293,293,293,293
El Hongo - Tecate,24.9,01/01/2014,15,31,63,63,63,63,63,105,105,146,146,146,146
Rumorosa - El Hongo,30.56,01/01/2014,15,31,63,63,63,63,63,105,105,146,146,146,146
Salina Cruz - La Ventosa,73.5,29/08/2012,45,90,165,165,165,165,165,235,235,315,315,315,315
Salina Cruz - Tehuantepec,22.7,29/08/2012,15,30,55,55,55,55,55,80,80,105,105,105,105
Tehuantepec - La Ventosa,52.6,29/08/2012,30,60,110,110,110,110,110,155,155,210,210,210,210
Tehuantepec - Ixtepec,30.9,29/08/2012,15,30,55,55,55,55,55,80,80,105,105,105,105
Ixtepec - La Ventosa,27.9,29/08/2012,15,30,55,55,55,55,55,80,80,105,105,105,105
San José del Cabo - Aeropuerto Los Cabos,20.2,01/01/2014,15,31,63,63,63,63,63,105,105,105,105,105,105
San Martín Texmelucan - Tlaxcala,19.419,24/05/2014,29,59,114,114,114,114,135,135,208,208,278,278,278
Santa Ana - Altar,73,17/03/2014,49,99,158,158,158,158,158,158,237,237,289,289,289
Tecate - Tijuana y Lib. de Tecate,29.8,31/01/2014,50,101,148,148,148,148,193,193,276,276,354,354,354
Tecate - Tijuana y Lib. de Tecate,29.8,31/01/2014,50,101,148,148,148,148,193,193,276,276,354,354,354
Libramiento de Tecate,12.25,31/01/2014,18,36,52,52,52,52,66,66,94,94,121,121,121
Ent. Esperanza - Ent. Sandoval,4.8,31/01/2014,6,13,19,19,19,19,26,26,36,36,43,43,43
Ent. Paso del Aguila - Tijuana,17.2,31/01/2014,28,57,83,83,83,83,109,109,153,153,197,197,197
Ent. Planta Dart - Valle Redondo Tijuana,0,31/01/2014,16,32,49,49,49,49,63,63,91,91,118,118,118
Tejocotal - Nuevo Necaxa,17.5,15/01/2014,12,24,31,31,31,31,31,38,38,54,54,54,54
Tepic - Mazatlán,238.05,01/02/2014,216,433,700,700,700,700,700,700,"1,153.00","1,153.00","1,568.00","1,568.00","1,568.00"
Tepic - Ent. San Blas,25,01/02/2014,27,55,83,83,83,83,83,83,150,150,230,230,230
Entronque San Blas - Rosamorada,45.18,01/02/2014,45,90,145,145,145,145,145,145,245,245,334,334,334
Entronque San Blas - Estación Ruiz,26.618,01/02/2014,33,67,94,94,94,94,94,94,160,160,217,217,217
Ent San Blas - Estación Yago,13.48,01/02/2014,15,30,42,42,42,42,42,42,75,75,100,100,100
Estación Yago - Ruiz,13.138,01/02/2014,18,37,52,52,52,52,52,52,85,85,117,117,117
Estación Yago - Rosamorada,31.7,01/02/2014,37,74,104,104,104,104,104,104,170,170,234,234,234
Ruiz - Rosamorada,18.562,01/02/2014,18,37,52,52,52,52,52,52,85,85,117,117,117
Rosamorada - Escuinapa,100.56,01/02/2014,97,194,312,312,312,312,312,312,528,528,720,720,720
Rosamorada - Acaponeta,46.3,01/02/2014,48,97,156,156,156,156,156,156,264,264,360,360,360
Acaponeta - Escuinapa,54.26,01/02/2014,48,97,156,156,156,156,156,156,264,264,360,360,360
Escuinapa - Villa Unión,64.95,01/02/2014,47,94,160,160,160,160,160,160,230,230,284,284,284
Escuinapa - Rosario,26.38,01/02/2014,23,47,80,80,80,80,80,80,115,115,142,142,142
Rosario - Villa Unión,38.57,01/02/2014,23,47,80,80,80,80,80,80,115,115,142,142,142
Tihuatlán - Tuxpam,37.5,15/01/2014,16,32,77,77,77,77,77,157,157,227,227,227,227
Torreón - Saltillo,115.019,29/08/2012,89,180,270,270,270,270,270,270,335,335,380,380,380
Matamoros - La Cuchilla,39.84,29/08/2012,32,65,100,100,100,100,100,100,130,130,145,145,145
Loma Bonita - Puebla,78,29/08/2012,57,115,170,170,170,170,170,170,205,205,235,235,235
Tuxtla Gutiérrez - San Cristóbal de las Casas,21,14/01/2014,23,46,88,88,88,78,78,78,120,120,166,166,166
Uruapan - Nueva Italia,60,08/02/2014,37,74,140,140,140,135,135,135,211,211,280,280,280
Ent. Zirimícuaro - Ent. Cajones,29,08/02/2014,18,37,69,69,69,67,67,67,105,105,140,140,140
Ent. Zirimícuaro - Taretán,8,08/02/2014,4,9,14,14,14,12,12,12,31,31,35,35,35
Taretán - Ent. Cajones,21,08/02/2014,14,29,55,55,55,53,53,53,74,74,105,105,105
Ent. Cajones - Ent. Cuatro Caminos,31,08/02/2014,18,37,71,71,71,68,68,68,105,105,140,140,140
Ent. Cajones - Ent. Santa Casilda,11,08/02/2014,5,10,15,15,15,14,14,14,31,31,35,35,35
Ent. Santa Casilda - Ent. Cuatro Caminos,20,08/02/2014,13,27,55,55,55,53,53,53,74,74,105,105,105
Yerbanís - Gómez Palacio,117,01/01/2014,129,259,441,441,441,441,578,578,838,838,"1,080.00","1,080.00","1,080.00"
Yerbanís - Pedriceña,48.55,01/01/2014,55,111,175,175,175,175,238,238,338,338,430,430,430
Yerbanís - Cuencamé,29.92,01/01/2014,34,68,107,107,107,107,148,148,209,209,247,247,247
Cuencamé - Pedriceña,18.63,01/01/2014,21,43,68,68,68,68,90,90,129,129,183,183,183
Pedriceña - Gómez Palacio,68.45,01/01/2014,74,148,266,266,266,266,340,340,500,500,650,650,650
Pedirceña - León Guzmán,51.48,01/01/2014,54,108,195,195,195,195,250,250,365,365,477,477,477
León Guzmán - Gómez Palacio,16.97,01/01/2014,20,40,71,71,71,71,90,90,135,135,173,173,173
Zacapalco - Rancho Viejo,17.3,29/08/2012,13,26,55,55,55,55,55,55,80,80,115,115,115
Zapotlanejo - Lagos de Moreno,118.5,17/01/2014,131,262,353,353,353,348,348,348,510,510,620,620,620
Zapotlanejo - Ent. Arandas,53.284,17/01/2014,60,120,158,158,158,154,154,154,233,233,268,268,268
Zapotlanejo - Tepatitlán,41.512,17/01/2014,43,87,120,120,120,118,118,118,191,191,216,216,216
Tepatitlán - Ent. Arandas,11.772,17/01/2014,16,33,38,38,38,37,37,37,42,42,52,52,52
Ent. Arandas - El Desperdicio,65.216,17/01/2014,71,142,195,195,195,194,194,194,277,277,352,352,352
Ent. Arandas - Jalostotitlán,37.516,17/01/2014,42,85,111,111,111,109,109,109,174,174,210,210,210
Jalostotitlán - El Desperdicio,27.7,17/01/2014,28,57,84,84,84,85,85,85,103,103,142,142,142
Ent. San Juan de los Lagos - El Desperdicio,8.18,17/01/2014,14,29,33,33,33,32,32,32,48,48,53,53,53
Ent. Acatic - Zapotlanejo,25.02,17/01/2014,25,51,73,73,73,72,72,72,115,115,130,130,130
