"0","prod_cult<- siap %>%"
"0","  group_by(Nomcultivo) %>%"
"0","  summarise(valor_prod=sum(Valorproduccion)) %>%"
"0","  arrange(desc(valor_prod)) %>% head(10)"
"0","may_prod<-ggplot(prod_cult, aes(x=reorder(Nomcultivo,-valor_prod), y=valor_prod)) +"
"0","  geom_bar(stat = ""identity"",fill = ""#FF6666"") +"
"0","  theme(axis.text.x=element_text(angle = -45, hjust = 0)) +"
"0","  ggtitle(""Cultivos con mayor valor de producción"")"
"0","ggplotly(may_prod)"
"2","We recommend that you use the dev version of ggplot2 with `ggplotly()`
Install it with: `devtools::install_github('hadley/ggplot2')`
"
