{"chunk_definitions":[{"chunk_id":"cafxx06jfu8pm","chunk_label":"unnamed-chunk-9","document_id":"59B019DD","expansion_state":0,"options":{"echo":false,"engine":"r","label":"unnamed-chunk-12","message":false,"warning":false},"row":131,"row_count":1,"visible":true},{"chunk_id":"c4hjg0iov0vo6","chunk_label":"unnamed-chunk-10","document_id":"59B019DD","expansion_state":0,"options":{"echo":false,"engine":"r","label":"unnamed-chunk-26","message":false,"warning":false},"row":148,"row_count":1,"visible":true},{"chunk_id":"c55ife7ny5sj4","chunk_label":"unnamed-chunk-15","document_id":"59B019DD","expansion_state":0,"options":{"echo":false,"engine":"r","label":"unnamed-chunk-27","message":false,"warning":false},"row":245,"row_count":1,"visible":true}],"doc_write_time":1535063260}