"0","colnames(siap)"
"1"," [1]"
"1"," ""Anio""              "
"1"," ""Idestado""          "
"1"," ""Nomestado""         "
"1"," ""Idddr""             "
"1"," ""Nomddr""            "
"1","
"
"1"," [6]"
"1"," ""Idcader""           "
"1"," ""Nomcader""          "
"1"," ""Idmunicipio""       "
"1"," ""Nommunicipio""      "
"1"," ""Idciclo""           "
"1","
"
"1","[11]"
"1"," ""Nomcicloproductivo"""
"1"," ""Idmodalidad""       "
"1"," ""Nommodalidad""      "
"1"," ""Idunidadmedida""    "
"1"," ""Nomunidad""         "
"1","
"
"1","[16]"
"1"," ""Idcultivo""         "
"1"," ""Nomcultivo""        "
"1"," ""Sembrada""          "
"1"," ""Cosechada""         "
"1"," ""Siniestrada""       "
"1","
"
"1","[21]"
"1"," ""Volumenproduccion"" "
"1"," ""Rendimiento""       "
"1"," ""Precio""            "
"1"," ""Valorproduccion""   "
"1","
"
"0","prueba<-siap %>%"
"0","  mutate(valor_siniestrada=round(Precio*Siniestrada ,3)) %>%"
"0","  select(""Nomestado"",""Sembrada"",""Cosechada"",""Siniestrada"",""Volumenproduccion"",""Valorproduccion"",""valor_siniestrada"") %>%"
"0","  group_by(Nomestado)  %>% "
"0","  summarise_all( sum) %>%"
"0","  mutate(porcentaje_siniestrada=Siniestrada*100/Sembrada) %>%"
"0","  mutate(porcentaje_valor_siniestrado=valor_siniestrada*100/Valorproduccion) %>%"
"0","  arrange(desc(porcentaje_valor_siniestrado)) "
"0"," "
"0","  "
