"0","cultivos_nuevos$Rendimiento<-as.character(cultivos_nuevos$Rendimiento)"
"0","cultivos_nuevos$Rendimiento<-as.numeric(cultivos_nuevos$Rendimiento)"
"0","tabla<-cultivos_nuevos %>%"
"0","  filter(Nomestado ==""San Luis Potosí"" & Nomunidad==""Tonelada"") %>%"
"0","  mutate(valor_siniestrada=Precio*Siniestrada*Rendimiento) %>%"
"0","  mutate(valor_tot=Precio*Rendimiento*Sembrada) %>%"
"0","  group_by(Anio,Nomcultivo) %>%"
"0","  summarise(valor_siniestrada=sum(valor_siniestrada), valor_p= sum(Valorproduccion), valor_p_total=sum(valor_tot)) %>%"
"0","  filter(Anio >= 2012) %>%"
"0","  arrange(desc(valor_siniestrada,Anio)) %>%"
"0","  mutate(porc_siniestrada=valor_siniestrada*100/valor_p_total) %>%"
"0","  arrange(desc(porc_siniestrada)) "
"0","knitr::kable(head(tabla,10))"
