{"chunk_definitions":[{"chunk_id":"cdjncqel0lqtg","chunk_label":"unnamed-chunk-1","document_id":"D11C68FA","expansion_state":0,"options":{"engine":"r","label":"unnamed-chunk-63"},"row":21,"row_count":1,"visible":true},{"chunk_id":"cwolszq7fx4af","chunk_label":"unnamed-chunk-2","document_id":"D11C68FA","expansion_state":0,"options":{"engine":"r","label":"unnamed-chunk-64"},"row":38,"row_count":1,"visible":true},{"chunk_id":"cslu3iqpspqaj","chunk_label":"unnamed-chunk-3","document_id":"D11C68FA","expansion_state":0,"options":{"engine":"r","label":"unnamed-chunk-65"},"row":42,"row_count":1,"visible":true},{"chunk_id":"cfe2ofb2a4t1h","chunk_label":"unnamed-chunk-4","document_id":"D11C68FA","expansion_state":0,"options":{"engine":"r","label":"unnamed-chunk-66"},"row":57,"row_count":1,"visible":true},{"chunk_id":"cj9zulfi29ju2","chunk_label":"unnamed-chunk-5","document_id":"D11C68FA","expansion_state":0,"options":{"engine":"r","label":"unnamed-chunk-67"},"row":61,"row_count":1,"visible":true},{"chunk_id":"cidrm602itrxd","chunk_label":"unnamed-chunk-6","document_id":"D11C68FA","expansion_state":0,"options":{"engine":"r","label":"unnamed-chunk-68"},"row":74,"row_count":1,"visible":true},{"chunk_id":"cbryr3vuh36u1","chunk_label":"unnamed-chunk-7","document_id":"D11C68FA","expansion_state":0,"options":{"engine":"r","label":"unnamed-chunk-69"},"row":85,"row_count":1,"visible":true},{"chunk_id":"cfcmdldo9ex78","chunk_label":"unnamed-chunk-8","document_id":"D11C68FA","expansion_state":0,"options":{"engine":"r","label":"unnamed-chunk-70"},"row":94,"row_count":1,"visible":true},{"chunk_id":"cnytv6f04qjin","chunk_label":"unnamed-chunk-9","document_id":"D11C68FA","expansion_state":0,"options":{"engine":"r","label":"unnamed-chunk-88"},"row":108,"row_count":1,"visible":true},{"chunk_id":"c21qc2tiocb9g","chunk_label":"unnamed-chunk-10","document_id":"D11C68FA","expansion_state":0,"options":{"engine":"r","label":"unnamed-chunk-89"},"row":117,"row_count":1,"visible":true},{"chunk_id":"c0fu44szimf8g","chunk_label":"unnamed-chunk-11","document_id":"D11C68FA","expansion_state":0,"options":{"engine":"r","label":"unnamed-chunk-91"},"row":135,"row_count":1,"visible":true},{"chunk_id":"c5u73bcqzgdj5","chunk_label":"unnamed-chunk-12","document_id":"D11C68FA","expansion_state":0,"options":{"engine":"r","label":"unnamed-chunk-1"},"row":157,"row_count":1,"visible":true},{"chunk_id":"couic4o2e6sl1","chunk_label":"unnamed-chunk-13","document_id":"D11C68FA","expansion_state":0,"options":{"engine":"r","label":"unnamed-chunk-30"},"row":177,"row_count":1,"visible":true},{"chunk_id":"cy1a3d953j5ne","chunk_label":"unnamed-chunk-14","document_id":"D11C68FA","expansion_state":0,"options":{"engine":"r","label":"unnamed-chunk-35"},"row":185,"row_count":1,"visible":true}],"chunk_rendered_width":700,"doc_write_time":1534874402}