"0","serie_siniestrada<-cultivos_nuevos %>%"
"0","  mutate(valor_siniestrada=Precio*Siniestrada) %>%"
"0","  group_by(Nomcultivo, Anio) %>%"
"0","  summarise(valor_siniestrada=sum(valor_siniestrada))"
"0","serie_siniestrada_g<-serie_siniestrada %>%"
"0","  filter(Anio>=2006) %>%"
"0","  group_by(Anio)%>%"
"0","  mutate(promedio_anual=mean(valor_siniestrada)) %>%"
"0","  ungroup() %>%"
"0","  arrange(Nomcultivo,Anio) %>%"
"0","  filter(valor_siniestrada>=1.5*(promedio_anual))"
"0","p <- ggplot(serie_siniestrada_g, aes(Nomcultivo,valor_siniestrada, colour= Nomcultivo)) + geom_bar(stat = ""identity"") + theme(axis.text.x = element_text(angle = 90, hjust = 1)) + ggtitle(""Cultivos con mayor perdida económica por cosecha siniestrada"")"
"0","# Use vars() to supply faceting variables:"
"0","p <- p + facet_wrap(~Anio)"
"0","ggplotly(p)"
"2","We recommend that you use the dev version of ggplot2 with `ggplotly()`
Install it with: `devtools::install_github('hadley/ggplot2')`
"
